<?xml version="1.0" encoding="UTF-8" standalone="yes"?>
<addon id="script.module.gtts-token" name="gTTS Token" version="0.0.1" provider-name="Yann Barraud">
    <requires>
        <import addon="xbmc.python" version="2.25.0"/>
        <import addon="script.module.urllib3" version="1.25.2" />
        <import addon="script.module.requests" />
    </requires>
    <extension point="xbmc.python.module" library="lib"/>
    <extension point="xbmc.addon.metadata">
        <summary lang="en_GB">gTTS token</summary>
        <description lang="en_GB"></description>
        <language></language>
        <platform>all</platform>
        <license>MIT</license>
        <forum></forum>
        <website></website>
        <email>yann.barraud@gmail.com</email>
        <source></source>
        <news></news>
        <disclaimer></disclaimer>
        <assets>
            <icon>resources/icon.png</icon>
            <fanart>resources/fanart.jpg</fanart>
        </assets>
    </extension>
</addon>
